id,hymn_title,hymnal,hymn_number,tune_name,hymn_section,kernlieder_target,insert,is_active
1,This Is the Feast,LSB,155,,Divine Service: Setting One,0,0,1
2,To God on High Be Glory,LSB,204,Es flog ein kleins Waldvögelein,Divine Service: Setting Four,0,0,1
3,"Holy, Holy, Holy Lord",LSB,208,Thine,Divine Service: Setting Four,0,0,1
4,"O Jesus Christ, True Lamb of God",LSB,210,Angelus (Du Meiner Seelen),Divine Service: Setting Four,0,0,1
5,"O Lord, Now Let Your Servant",LSB,211,Kuortane,Divine Service: Setting Four,0,0,1
6,The Advent of Our King,LSB,331,St. Thomas,Advent,0,0,1
7,"Savior of the Nations, Come",LSB,332,"Nun Komm, Der Heiden Heiland",Advent,0,0,1
8,Once He Came in Blessing,LSB,333,Gottes Sohn ist Komm,Advent,0,0,1
9,"O Lord, How Shall I Meet You",LSB,334,Wie Soll Ich Dich Empfangen,Advent,0,0,1
10,"O Bride of Christ, Rejoice",LSB,335,Wo Soll Ich Fliehen Hin,Advent,0,0,1
11,Lo! He Comes with Clouds Descending,LSB,336,Helmsley,Advent,0,0,1
12,The Night Will Soon Be Ending,LSB,337,Llangloffan,Advent,0,0,1
13,"Come, Thou Long-Expected Jesus",LSB,338,Jefferson,Advent,0,0,1
14,"Lift Up Your Heads, You Everlasting Doors",LSB,339,Conrad,Advent,0,0,1
15,"Lift Up Your Heads, Ye Mighty Gates",LSB,340,Macht Hoch Die Tür,Advent,0,0,0
16,"Lift Up Your Heads, Ye Mighty Gates",LSB,341,Milwaukee,Advent,0,0,1
17,What Hope! An Eden Prophesied,LSB,342,Consolation,Advent,0,0,1
18,Prepare the Royal Highway,LSB,343,Bereden Väg För Herran,Advent,0,0,1
19,On Jordan's Bank the Baptist's Cry,LSB,344,Puer Nobis,Advent,0,0,1
20,Hark! A Thrilling Voice Is Sounding,LSB,345,Merton,Advent,0,0,1
21,When All the World Was Cursed,LSB,346,Was Frag Ich Nach Der Welt,Advent,0,0,1
22,"Comfort, Comfort Ye My People",LSB,347,Freu Dich Sehr,Advent,0,0,1
23,The King Shall Come When Morning Dawns,LSB,348,Consolation,Advent,0,0,1
24,Hark the Glad Sound,LSB,349,Chesterfield,Advent,0,0,1
25,"Come, Thou Precious Ransom, Come",LSB,350,Meinen Jesum Lass’ Ich Nicht (Darmstadt),Advent,0,0,1
26,Creator of the Stars of Night,LSB,351,Conditor Alme Siderum,Advent,0,0,1
27,Let the Earth Now Praise the Lord,LSB,352,"Nun Komm, Der Heiden Heiland",Advent,0,0,1
28,"Jesus Came, the Heavens Adoring",LSB,353,"Sieh, Hier Bin Ich",Advent,0,0,1
29,"Arise, O Christian People",LSB,354,Aus Meines Herzens Grunde,Advent,0,0,1
30,"O Savior, Rend the Heavens Wide",LSB,355,"O Heiland, Reiss Die Himmel Auf",Advent,0,0,1
31,The Angel Gabriel from Heaven Came,LSB,356,Gabriel’s Message,Advent,0,0,1
32,"O Come, O Come, Emmanuel",LSB,357,Veni Emmanuel,Advent,0,0,1
33,From Heaven Above to Earth I Come,LSB,358,Vom Himmel Hoch,Christmas,0,0,1
34,"Lo, How a Rose E'er Blooming",LSB,359,Es Ist ein Ros,Christmas,0,0,1
35,All My Heart Again Rejoices,LSB,360,Fröhlich Soll Mein Herze Springen,Christmas,0,0,1
36,O Little Town of Bethlehem,LSB,361,St. Louis,Christmas,0,0,1
37,O Sing of Christ,LSB,362,Forest Green,Christmas,0,0,1
38,"Silent Night, Holy Night",LSB,363,Stille Nacht,Christmas,0,0,1
39,Away in a Manger,LSB,364,Away in a Manger,Christmas,0,0,1
40,Away in a Manger,LSB,365,Cradle Song,Christmas,0,0,1
41,It Came upon the Midnight Clear,LSB,366,Carol,Christmas,0,0,1
42,Angels from the Realms of Glory,LSB,367,Regent Square,Christmas,0,0,1
43,Angels We Have Heard on High,LSB,368,Gloria,Christmas,0,0,1
44,Where Shepherds Lately Knelt,LSB,369,Manger Song,Christmas,0,0,1
45,What Child Is This,LSB,370,Greensleeves,Christmas,0,0,1
46,Let Our Gladness Banish Sadness,LSB,371,Čas Radosti,Christmas,0,0,1
47,"O Jesus Christ, Thy Manger Is",LSB,372,In Paradisum,Christmas,0,0,1
48,See amid the Winter's Snow,LSB,373,Humility,Christmas,0,0,1
49,Gentle Mary Laid Her Child,LSB,374,Tempus Adest Floridum,Christmas,0,0,1
50,"Come, Your Hearts and Voices Raising",LSB,375,Quem Pastores,Christmas,0,0,1
51,Once in Royal David's City,LSB,376,Irby,Christmas,0,0,1
52,On Christmas Night All Christians Sing,LSB,377,Sussex Carol,Christmas,0,0,1
53,"Break Forth, O Beauteous Heavenly Light",LSB,378,Ermuntre Dich,Christmas,0,0,1
54,"O Come, All Ye Faithful",LSB,379,Adeste Fideles,Christmas,0,0,1
55,Hark! The Herald Angels Sing,LSB,380,Mendelssohn,Christmas,0,0,1
56,Let Our Gladness Have No End,LSB,381,Narodil Se Kristus Pán,Christmas,0,0,1
57,"We Praise You, Jesus, at Your Birth",LSB,382,Gelobet Seist Du,Christmas,0,0,1
58,A Great and Mighty Wonder,LSB,383,Es Ist ein Ros,Christmas,0,0,1
59,Of the Father's Love Begotten,LSB,384,Divinum Mysterium,Christmas,0,0,1
60,From East to West,LSB,385,Vom Himmel Hoch,Christmas,0,0,1
61,"Now Sing We, Now Rejoice",LSB,386,In Dulci Jubilo,Christmas,0,0,1
62,Joy to the World,LSB,387,Antioch,Christmas,0,0,1
63,Go Tell It on the Mountain,LSB,388,Go Tell It,Christmas,0,0,1
64,Let All Together Praise Our God,LSB,389,"Lobt Gott, Ihr Christen",Christmas,0,0,1
65,Let Us All with Gladsome Voice,LSB,390,Lasst Uns Alle,Christmas,0,0,1
66,"Rejoice, Rejoice This Happy Morn",LSB,391,Wie Schön Leuchtet,Christmas,0,0,1
67,God Loves Me Dearly,LSB,392,Gott Ist die Liebe,Christmas,0,0,1
68,"Infant Holy, Infant Lowly",LSB,393,W Żłobie Leży,Christmas,0,0,1
69,Songs of Thankfulness and Praise,LSB,394,"St. George’s, Windsor",Epiphany,0,0,1
70,"O Morning Star, How Fair and Bright",LSB,395,Wie Schön Leuchtet,Epiphany,0,0,1
71,Arise and Shine in Splendor,LSB,396,"O Welt, Ich Muss Dich Lassen",Epiphany,0,0,1
72,As with Gladness Men of Old,LSB,397,Dix,Epiphany,0,0,1
73,Hail to the Lord's Anointed,LSB,398,"Freut Euch, Ihr Lieben",Epiphany,0,0,1
74,The Star Proclaims the King Is Here,LSB,399,Wo Gott zum Haus,Epiphany,0,0,1
75,Brightest and Best of the Stars of the Morning,LSB,400,Morning Star,Epiphany,0,0,1
76,"From God the Father, Virgin-Born",LSB,401,Deus Tuorum Militum,Epiphany,0,0,1
77,The Only Son from Heaven,LSB,402,"Herr Christ, Der Einig Gotts Sohn",Epiphany,0,0,1
78,O Savior of Our Fallen Race,LSB,403,Putnam,Epiphany,0,0,1
79,"Jesus, Once with Sinners Numbered",LSB,404,Mississippi,Epiphany,0,0,1
80,To Jordan's River Came Our Lord,LSB,405,Winchester New,Epiphany,0,0,1
81,"To Jordan Came the Christ, our Lord",LSB,406,"Christ, Unser Herr",Epiphany,0,0,1
82,"To Jordan Came the Christ, our Lord",LSB,407,Elvet Banks,Epiphany,0,0,0
83,"Come, Join in Cana's Feast",LSB,408,Franconia,Epiphany,0,0,1
84,"Hail, O Source of Every Blessing",LSB,409,O Durchbrecher,Epiphany,0,0,1
85,Within the Father's House,LSB,410,Franconia,Epiphany,0,0,1
86,I Want to Walk as a Child of the Light,LSB,411,Houston,Epiphany,0,0,1
87,The People That in Darkness Sat,LSB,412,"Lobt Gott, Ihr Christen",Epiphany,0,0,1
88,O Wondrous Type! O Vision Fair,LSB,413,Deo Gracias,Transfiguration,0,0,1
89,"'Tis Good, Lord, to Be Here",LSB,414,Potsdam,Transfiguration,0,0,1
90,Jesus on the Mountain Peak,LSB,415,Seward,Transfiguration,0,0,1
91,Swiftly Pass the Clouds of Glory,LSB,416,Love’s Light,Transfiguration,0,0,1
92,"Alleluia, Song of Gladness",LSB,417,Laura Anima,Transfiguration,0,0,1
93,"O Lord, throughout These Forty Days",LSB,418,Caithness,Lent,0,0,1
94,"Savior, When in Dust to Thee",LSB,419,Aberystwyth,Lent,0,0,1
95,"Christ, the Life of All the Living",LSB,420,"Jesu, Meines Lebens Leben",Lent,0,0,1
96,"Jesus, Grant That Balm and Healing",LSB,421,Der am Kreuz,Lent,0,0,1
97,On My Heart Imprint Your Image,LSB,422,Der am Kreuz,Lent,0,0,1
98,"Jesus, Refuge of the Weary",LSB,423,O Du Liebe Meiner Liebe,Lent,0,0,1
99,"O Christ, You Walked the Road",LSB,424,Southwell,Lent,0,0,1
100,When I Survey the Wondrous Cross,LSB,425,Hamburg,Lent,0,0,1
101,When I Survey the Wondrous Cross,LSB,426,Rockingham Old,Lent,0,0,1
102,In the Cross of Christ I Glory,LSB,427,Rathbun,Lent,0,0,1
103,"Cross of Jesus, Cross of Sorrow",LSB,428,Cross of Jesus,Lent,0,0,1
104,We Sing the Praise of Him Who Died,LSB,429,Windham,Lent,0,0,1
105,My Song Is Love Unknown,LSB,430,Love Unknown,Lent,0,0,1
106,Not All the Blood of Beasts,LSB,431,Southwell,Lent,0,0,1
107,In Silent Pain the Eternal Son,LSB,432,Reality,Lent,0,0,1
108,Glory Be to Jesus,LSB,433,Wem in Leidenstagen,Lent,0,0,1
109,"Lamb of God, Pure and Holy",LSB,434,"O Lamm Gottes, Unschuldig",Lent,0,0,1
110,Come to Calvary's Holy Mountain,LSB,435,Naar mit Öie,Lent,0,0,1
111,Go to Dark Gethsemane,LSB,436,Gethsemane,Lent,0,0,1
112,Alas! And Did My Savior Bleed,LSB,437,Martyrdom,Lent,0,0,1
113,A Lamb Goes Uncomplaining Forth,LSB,438,An Wasserflüssen Babylon,Lent,0,0,1
114,"O Dearest Jesus, What Law Hast Thou Broken",LSB,439,Herzliebster Jesu,Lent,0,0,1
115,"Jesus, I Will Ponder Now",LSB,440,"Jesu Kreuz, Leiden und Pein",Lent,0,0,1
116,"Ride On, Ride On in Majesty",LSB,441,Winchester New,Holy Week,0,0,1
117,"All Glory, Laud, and Honor",LSB,442,Valet will Ich Dir Geben,Holy Week,0,0,1
118,"Hosanna, Loud Hosanna",LSB,443,Ellacombe,Holy Week,0,0,1
119,No Tramp of Soldiers' Marching Feet,LSB,444,Kingsfold,Holy Week,0,0,1
120,When You Woke That Thursday Morning,LSB,445,Joyous Light,Holy Week,0,0,1
121,"Jesus, Greatest at the Table",LSB,446,New Malden,Holy Week,0,0,1
122,"Jesus, in Your Dying Woes",LSB,447,Septem Verba,Holy Week,0,0,1
123,O Darkest Woe,LSB,448,O Traurigkeit,Holy Week,0,0,1
124,"O Sacred Head, Now Wounded",LSB,449,Herzlich Tut Mich Verlangen,Holy Week,0,0,1
125,"O Sacred Head, Now Wounded",LSB,450,Herzlich Tut Mich Verlangen,Holy Week,0,0,1
126,"Stricken, Smitten, and Afflicted",LSB,451,"O Mein Jesu, Ich Muss Sterben",Holy Week,0,0,1
127,O Perfect Life of Love,LSB,452,Southwell,Holy Week,0,0,1
128,Upon the Cross Extended,LSB,453,"O Welt, Ich Muss Dich Lassen",Holy Week,0,0,1
129,"Sing, My Tongue, the Glorious Battle",LSB,454,Fortunatus New,Holy Week,0,0,1
130,The Royal Banners Forward Go,LSB,455,Vexilla Regis Nova,Holy Week,0,0,1
131,Were You There,LSB,456,Were You There,Holy Week,0,0,0
132,Jesus Christ Is Risen Today,LSB,457,Easter Hymn,Easter,0,0,1
133,Christ Jesus Lay in Death's Strong Bands,LSB,458,Christ Lag in Todesbanden,Easter,0,0,1
134,Christ Is Arisen,LSB,459,Christ ist Erstanden,Easter,0,0,1
135,"Christians, To the Paschal Victim",LSB,460,Victimae Paschali,Easter,0,0,1
136,I Know That My Redeemer Lives,LSB,461,Duke Street,Easter,0,0,1
137,All the Earth with Joy Is Sounding,LSB,462,Michael,Easter,0,0,1
138,Christ the Lord Is Risen Today; Alleluia,LSB,463,Llanfair,Easter,0,0,1
139,"The Strife Is O'er, the Battle Done",LSB,464,Victory,Easter,0,0,1
140,Now All the Vault of Heaven Resounds,LSB,465,Lasst Uns Erfreuen,Easter,0,0,1
141,"Christ Has Arisen, Alleluia",LSB,466,Mfurahini Haleluya,Easter,0,0,1
142,"Awake, My Heart, with Gladness",LSB,467,"Auf, Auf, Mein Herz",Easter,0,0,1
143,I Am Content! My Jesus Ever Lives,LSB,468,Es Ist Genug,Easter,0,0,1
144,Christ the Lord Is Risen Today,LSB,469,Orientis Partibus,Easter,0,0,1
145,O Sons and Daughters of the King,LSB,470,Gelobt Sei Gott,Easter,0,0,1
146,O Sons and Daughters of the King,LSB,471,O Filii et Filiae,Easter,0,0,0
147,These Things Did Thomas Count as Real,LSB,472,Realiter,Easter,0,0,1
148,"Our Paschal Lamb, That Sets Us Free",LSB,473,Region Three,Easter,0,0,1
149,Alleluia! Jesus Is Risen,LSB,474,Earth and All Stars,Easter,0,0,1
150,"Good Christian Friends, Rejoice and Sing",LSB,475,Gelobt Sei Gott,Easter,0,0,1
151,Who Are You Who Walk in Sorrow,LSB,476,Jefferson,Easter,0,0,1
152,"Alleluia, Alleluia! Hearts to Heaven",LSB,477,Hymn to Joy,Easter,0,0,1
153,The Day of Resurrection,LSB,478,Lancashire,Easter,0,0,1
154,"Christ Is Risen, Christ Is Living",LSB,479,Central,Easter,0,0,1
155,"He's Risen, He's Risen",LSB,480,Walther,Easter,0,0,1
156,"Scatter the Darkness, Break the Gloom",LSB,481,Besançon,Easter,0,0,1
157,This Joyful Eastertide,LSB,482,Vruechten,Easter,0,0,1
158,With High Delight Let Us Unite,LSB,483,Mit Freuden Zart,Easter,0,0,1
159,Make Songs of Joy,LSB,484,Zpivejmež Všickni Vesele,Easter,0,0,1
160,Long before the World Is Waking,LSB,485,All Saints,Easter,0,0,1
161,If Christ Had Not Been Raised from Death,LSB,486,Union City,Easter,0,0,1
162,"Come, You Faithful, Raise the Strain",LSB,487,Gaudemus Pariter,Easter,0,0,1
163,He Is Arisen! Glorious Word,LSB,488,Wie Schön Leuchtet,Easter,0,0,1
164,"Hail Thee, Festival Day",LSB,489,Savle Feste Dies,Easter,0,0,1
165,Jesus Lives! The Victory's Won,LSB,490,"Jesus, Meine Zuversicht",Easter,0,0,1
166,Up through Endless Ranks of Angels,LSB,491,Ascended Triumph,Ascension,0,0,1
167,On Christ's Ascension I Now Build,LSB,492,Nun Freut Euch,Ascension,0,0,1
168,A Hymn of Glory Let Us Sing,LSB,493,Lasst Uns Erfreuen,Ascension,0,0,1
169,"See, the Lord Ascends in Triumph",LSB,494,Rex Gloriae,Ascension,0,0,1
170,"Look, Ye Saints, the Sight is Glorious",LSB,495,Bryn Calfaria,Ascension,0,0,1
171,"Holy Spirit, Light Divine",LSB,496,Song 13,Pentecost,0,0,1
172,"Come, Holy Ghost, God and Lord",LSB,497,"Komm, Heiliger Geist, Herre Gott",Pentecost,0,0,1
173,"Come, Holy Ghost, Creator Blest",LSB,498,"Komm, Gott Schöpfer",Pentecost,0,0,1
174,"Come, Holy Ghost, Creator Blest",LSB,499,"Veni, Creator Spiritus",Pentecost,0,0,1
175,"Creator Spirit, by Whose Aid",LSB,500,All Ehr und Lob,Pentecost,0,0,1
176,"Come Down, O Love Divine",LSB,501,Down Ampney,Pentecost,0,0,1
177,"Holy Spirit, the Dove Sent from Heaven",LSB,502,Santo Espíritu,Pentecost,0,0,1
178,O Day Full of Grace,LSB,503,Den Signede Dag,Pentecost,0,0,1
179,Father Most Holy,LSB,504,Christe Sanctorum,Holy Trinity,0,0,1
180,"Triune God, Be Thou Our Stay",LSB,505,"Gott der Vater, Wohn Uns Bei",Holy Trinity,0,0,1
181,Glory Be to God the Father,LSB,506,Worschester,Holy Trinity,0,0,1
182,"Holy, Holy, Holy",LSB,507,Nicaea,Holy Trinity,0,0,1
183,The Day Is Surely Drawing Near,LSB,508,Es Ist Gewisslich,End Times,0,0,1
184,Christ Is Surely Coming,LSB,509,King's Weston,End Times,0,0,1
185,A Multitude Comes from the East and the West,LSB,510,Der Mange Skal Komme,End Times,0,0,1
186,"Herald, Sound the Note of Judgment",LSB,511,New Malden,End Times,0,0,1
187,At the Name of Jesus,LSB,512,King's Weston,End Times,0,0,1
188,The Clouds of Judgment Gather,LSB,513,Llangloffan,End Times,0,0,1
189,The Bridegroom Soon Will Call Us,LSB,514,Ach Gott vom Himmelreiche,End Times,0,0,1
190,"Rejoice, rejoice, believers",LSB,515,Haf Trones Lampa Färdig,End Times,0,0,1
191,"Wake, Awake, for Night is Flying",LSB,516,Wachet Auf,End Times,0,0,1
192,By All Your Saints in Warfare,LSB,517,King's Lynn,Feasts and Festivals,0,0,1
193,By All Your Saints in Warfare,LSB,518,King's Lynn,Feasts and Festivals,0,0,1
194,In His Temple Now Behold Him,LSB,519,Westminster Abbey,Feasts and Festivals,0,0,1
195,"Stars of the Morning, So Gloriously Bright",LSB,520,O Quanta Qualia,Feasts and Festivals,0,0,1
196,"Christ, the Lord of Hosts, Unshaken",LSB,521,Fortunatus New,Feasts and Festivals,0,0,1
197,"Lord God, to Thee We Give All Praise",LSB,522,"Erhalt Uns, Herr",Feasts and Festivals,0,0,1
198,O Word of God Incarnate,LSB,523,Munich,Redeemer,0,0,1
199,How Sweet the Name of Jesus Sounds,LSB,524,St. Peter,Redeemer,0,0,1
200,Crown Him with Many Crowns,LSB,525,Diademata,Redeemer,0,0,1
201,You Are the Way; through You Alone,LSB,526,Dundee,Redeemer,0,0,1
202,"O Savior, Precious Savior",LSB,527,Angel's Story,Redeemer,0,0,1
203,"Oh, for Thousand Tongues to Sing",LSB,528,Azmon,Redeemer,0,0,1
204,"Since Our Great High Priest, Christ Jesus",LSB,529,All Saints,Redeemer,0,0,1
205,"No Temple Now, No Gift of Price",LSB,530,Kirkwood,Redeemer,0,0,1
206,"Hail, Thou Once Despised Jesus",LSB,531,O Durchbrecher,Redeemer,0,0,1
207,The Head That Once Was Crowned with Thorns,LSB,532,St. Magnus,Redeemer,0,0,1
208,Jesus Has Come and Brings Pleasure,LSB,533,"Jesus ist Kommen, Grund Ewiger Freude",Redeemer,0,0,1
209,"Lord, Enthroned in Heavenly Splendor",LSB,534,Bryn Calfaria,Redeemer,0,0,1
210,How Wide the Love of Christ,LSB,535,Swabia,Redeemer,0,0,1
211,One Thing's Needful,LSB,536,Eins Ist Not,Redeemer,0,0,1
212,Beautiful Savior,LSB,537,Schönster Herr Jesu,Redeemer,0,0,1
213,Praise Be to Christ,LSB,538,O Grosser Gott,Redeemer,0,0,1
214,Christ Is the World's Redeemer,LSB,539,Moville,Redeemer,0,0,1
215,"Christ, the Word of God Incarnate",LSB,540,Holy Manna,Redeemer,0,0,1
216,"""Away from Us!"" the Demon Cried",LSB,541,Mckee,Redeemer,0,0,1
217,When I Behold Jesus Christ,LSB,542,Min Aynet Fiqir New,Redeemer,0,0,1
218,What Wondrous Love Is This,LSB,543,Wondrous Love,Redeemer,0,0,1
219,"O Love, How Deep",LSB,544,Deo Gracias,Redeemer,0,0,1
220,"Word of God, Come Down on Earth",LSB,545,"Liebster Jesu, Wir Sind Hier",Redeemer,0,0,1
221,"O Jesus So Sweet, O Jesus So Mild",LSB,546,O Jesulein Süss,Redeemer,0,0,1
222,The Lamb,LSB,547,Winter,Redeemer,0,0,1
223,"Thanks to Thee, O Christ, Victorious",LSB,548,Werde Munter,Redeemer,0,0,1
224,All Hail the Power of Jesus' Name,LSB,549,Coronation,Redeemer,0,0,1
225,Lamb Of God,LSB,550,Lamb of God,Redeemer,0,0,1
226,When to Our World the Savior Came,LSB,551,Canonbury,Redeemer,0,0,1
227,"O Christ, Who Shared Our Mortal Life",LSB,552,Lord of Life,Redeemer,0,0,1
228,"O Christ, Our Hope, Our Heart's Desire",LSB,553,Ich Singe Dir,Redeemer,0,0,1
229,"O Jesus, King Most Wonderful",LSB,554,St. Agnes,Redeemer,0,0,1
230,Salvation unto Us Has Come,LSB,555,Es Ist das Heil,Justification,0,0,1
231,"Dear Christians, One and All, Rejoice",LSB,556,Nun Freut Euch,Justification,0,0,1
232,Seek Where You May to Find a Way,LSB,557,"Such, Wer Da Will",Justification,0,0,1
233,Not unto Us,LSB,558,Not Unto Us,Justification,0,0,1
234,"Oh, How Great is Your Compassion",LSB,559,"Ach, Was Soll Ich Sünder Machen",Justification,0,0,1
235,"Drawn to the Cross, Which Thou Hast Blessed",LSB,560,Dunstan,Justification,0,0,1
236,The Tree of Life,LSB,561,Tree of Life,Justification,0,0,1
237,All Mankind Fell in Adam's Fall,LSB,562,Wenn Wir in Höchsten Nöten Sein,Justification,0,0,1
238,"Jesus, Thy Blood and Righteousness",LSB,563,St. Crispin,Justification,0,0,1
239,Christ Sits at God's Right Hand,LSB,564,Yigdal,Justification,0,0,1
240,"Thy Works, Not Mine, O Christ",LSB,565,St. John,Justification,0,0,1
241,By Grace I'm Saved,LSB,566,O Dass Ich Tausand Zungen Hätte (Dretzel),Justification,0,0,1
242,Not What These Hands Have Done,LSB,567,Energy,Justification,0,0,1
243,"If Your Beloved Son, O God",LSB,568,Nun Freut Euch,Justification,0,0,1
244,In Adam We Have All Been One,LSB,569,The Saints' Delight,Justification,0,0,1
245,"Just as I Am, without One Plea",LSB,570,Woodworth,Justification,0,0,1
246,God Loved the World So That He Gave,LSB,571,St. Crispin,Justification,0,0,1
247,In the Shattered Bliss of Eden,LSB,572,Rustington,Justification,0,0,1
248,"Lord, 'Tis Not That I Did Choose Thee",LSB,573,O Du Liebe Meiner Liebe,Justification,0,0,1
249,Before the Throne of God Above,LSB,574,Dunedin,Justification,0,0,1
250,My Hope Is Built on Nothing Less,LSB,575,Magdalen,Justification,0,0,1
251,My Hope Is Built on Nothing Less,LSB,576,The Solid Rock,Justification,0,0,1
252,"Almighty God, Your Word is Cast",LSB,577,St. Flavian,The Word of God,0,0,1
253,Thy Strong Word,LSB,578,Ebenezer,The Word of God,0,0,1
254,The Law of God Is Good and Wise,LSB,579,"Erhalt Uns, Herr",The Word of God,0,0,1
255,The Gospel Shows the Father's Grace,LSB,580,"Herr Jesu Christ, Dich zu Uns Wend",The Word of God,0,0,1
256,These Are the Holy Ten Commands,LSB,581,In Gottes Namen Fahren Wir,The Word of God,0,0,1
257,God's Word Is Our Great Heritage,LSB,582,Reuter,The Word of God,0,0,1
258,God Has Spoken by His Prophets,LSB,583,Rex Gloriae,The Word of God,0,0,1
259,Faith and Truth and Life Bestowing,LSB,584,Holy Manna,The Word of God,0,0,1
260,"Lord Jesus Christ, with Us Abide",LSB,585,Ach Bleib bei Uns,The Word of God,0,0,1
261,Preach You the Word,LSB,586,"O Heiland, Reiss Die Himmel Auf",The Word of God,0,0,1
262,I Know My Faith Is Founded,LSB,587,"Nun Lob, Mein Seel",The Word of God,0,0,1
263,Jesus Loves Me,LSB,588,Jesus Loves Me,The Word of God,0,0,1
264,"Speak, O Lord, Your Servant Listens",LSB,589,Werde Munter,The Word of God,0,0,1
265,Baptized into Your Name Most Holy,LSB,590,O Dass Ich Tausand Zungen Hätte (Dretzel),Holy Baptism,0,0,1
266,This Is the Spirit's Entry Now,LSB,591,Damascus Road,Holy Baptism,0,0,1
267,"Dearest Jesus, We Are Here",LSB,592,"Liebster Jesu, Wir Sind Hier",Holy Baptism,0,0,1
268,See This Wonder in the Making,LSB,593,Tryggare Kan Ingen Vara,Holy Baptism,0,0,1
269,"God's Own Child, I Gladly Say It",LSB,594,Bachofen,Baptismal Life,0,0,1
270,O Blessed Spring,LSB,595,O Waly Waly,Baptismal Life,0,0,1
271,All Christians Who Have Been Baptized,LSB,596,Nun Freut Euch,Baptismal Life,0,0,1
272,"Water, Blood, and Spirit Crying",LSB,597,Filter,Baptismal Life,0,0,1
273,Once in the Blest Baptismal Waters,LSB,598,"Wer Weiss, Wie Nahe",Baptismal Life,0,0,1
274,"O Gracious Lord, with Love Draw Near",LSB,599,Dunedin,Baptismal Life,0,0,1
275,Mark How the Lamb of God's Self-Offering,LSB,600,Rendez à Dieu,Baptismal Life,0,0,1
276,All Who Believe and Are Baptized,LSB,601,Es Ist das Heil,Baptismal Life,0,0,1
277,The Gifts Christ Freely Gives,LSB,602,Denby,Baptismal Life,0,0,1
278,We Know That Christ Is Raised,LSB,603,Engelberg,Baptismal Life,0,0,1
279,I Bind unto Myself Today,LSB,604,St. Patrick's Breastplate,Baptismal Life,0,0,1
280,Father Welcomes,LSB,605,Father Welcomes,Baptismal Life,0,0,1
281,I Lay My Sins on Jesus,LSB,606,Munich,Confession and Absolution,0,0,1
282,From Depths of Woe I Cry to Thee,LSB,607,Aus Tiefer Not,Confession and Absolution,0,0,1
283,"Lord, to You I Make Confession",LSB,608,"Herr, Ich Habe Missgehandelt",Confession and Absolution,0,0,1
284,Jesus Sinners Doth Receive,LSB,609,Meinen Jesum Lass’ Ich Nicht (Darmstadt),Confession and Absolution,0,0,1
285,"Lord Jesus, Think on Me",LSB,610,Southwell,Confession and Absolution,0,0,1
286,Chief of Sinners Though I Be,LSB,611,Gethsemane,Confession and Absolution,0,0,1
287,"As Rebels, Lord, Who Foolishly Have Wandered",LSB,612,Welcome,Confession and Absolution,0,0,1
288,"To Thee, Omniscient Lord of All",LSB,613,Vater Unser,Confession and Absolution,0,0,1
289,"""As Surely as I Live,"" God Said",LSB,614,St. Luke,Confession and Absolution,0,0,1
290,When in the Hour of Deepest Need,LSB,615,Wenn Wir in Höchsten Nöten Sein,Confession and Absolution,0,0,1
291,Baptismal Waters Cover Me,LSB,616,"Gottlob, Ed Geht Nunmehr zu Ende",Confession and Absolution,0,0,1
292,"O Lord, We Praise Thee",LSB,617,Gott Sei Gelobet und Gebenedeiet,The Lord's Supper,0,0,1
293,"I Come, O Savior, to Thy Table",LSB,618,Ich Sterbe Täglich,The Lord's Supper,0,0,1
294,"Thy Body, Given for Me, O Savior",LSB,619,Ich Sterbe Täglich,The Lord's Supper,0,0,1
295,Jesus Comes Today with Healing,LSB,620,Alles ist an Gottes Segen,The Lord's Supper,0,0,1
296,Let All Mortal Flesh Keep Silence,LSB,621,Picardy,The Lord's Supper,0,0,1
297,"Lord Jesus Christ, You Have Prepared",LSB,622,"Du Lebensbrot, Herr Jesu Christ",The Lord's Supper,0,0,1
298,"Lord Jesus Christ, We Humbly Pray",LSB,623,"Herr Jesu Christ, Dich zu Uns Wend",The Lord's Supper,0,0,1
299,The Infant Priest Was Holy Born,LSB,624,Rockingham Old,The Lord's Supper,0,0,1
300,"Lord Jesus Christ, Life-Giving Bread",LSB,625,"Herr, Wie Du Willst",The Lord's Supper,0,0,1
301,Come Let Us Eat,LSB,626,A va de,The Lord's Supper,0,0,1
302,"Jesus Christ, Our Blessed Savior",LSB,627,"Jesus Christus, Unser Heiland",The Lord's Supper,0,0,1
303,Your Table I Approach,LSB,628,St. Michael,The Lord's Supper,0,0,1
304,What Is This Bread,LSB,629,Preparation,The Lord's Supper,0,0,1
305,"Now, My Tongue, the Mystery Telling",LSB,630,Grafton,The Lord's Supper,0,0,1
306,"Here, O My Lord, I See Thee Face to Face",LSB,631,Farley Castle,The Lord's Supper,0,0,1
307,"O Jesus, Blessed Lord, to Thee",LSB,632,Old Hundredth,The Lord's Supper,0,0,1
308,At the Lamb's High Feast We Sing,LSB,633,Sonne der Gerechtigkeit,The Lord's Supper,0,0,1
309,"The Death of Jesus Christ, Our Lord",LSB,634,"Gottlob, Ed Geht Nunmehr zu Ende",The Lord's Supper,0,0,1
310,"O Gracious Lord, I Firmly Am Believing",LSB,635,Oh Buen Jesús,The Lord's Supper,0,0,1
311,"Soul, Adorn Yourself with Gladness",LSB,636,Schmücke Dich,The Lord's Supper,0,0,1
312,Draw near and Take the Body of the Lord,LSB,637,Old 124th,The Lord's Supper,0,0,1
313,Eat This Bread,LSB,638,Eat This Bread,The Lord's Supper,0,0,1
314,Wide Open Stand the Gates,LSB,639,"Jerusalem, Du Hochgebaute Stadt",The Lord's Supper,0,0,1
315,"Thee We Adore, O Hidden Savior",LSB,640,Adore Te Devote,The Lord's Supper,0,0,1
316,You Satisfy the Hungry Heart,LSB,641,Bicentennial,The Lord's Supper,0,0,1
317,O Living Bread from Heaven,LSB,642,Ach Gott vom Himmelreiche,The Lord's Supper,0,0,1
318,Sent Forth by God's Blessing,LSB,643,The Ash Grove,The Lord's Supper,0,0,1
319,The Church's One Foundation,LSB,644,Aurelia,The Church,0,0,1
320,Built on the Rock,LSB,645,Kirken den Er et Gammelt Hus,The Church,0,0,1
321,"Church of God, Elect and Glorious",LSB,646,Abbot’s Leigh,The Church,0,0,1
322,"Lord Jesus Christ, the Church's Head",LSB,647,Reuter,The Church,0,0,1
323,Glorious Things of You Are Spoken,LSB,648,Austria,The Church,0,0,1
324,Blest Be the Tie That Binds,LSB,649,Boylston,The Church,0,0,1
325,"Holy Spirit, Ever Dwelling",LSB,650,In Babilone,The Church,0,0,1
326,"I Love Your Kingdom, Lord",LSB,651,St. Thomas,The Church,0,0,1
327,"Father, We Thank Thee",LSB,652,Rendez à Dieu,The Church,0,0,1
328,In Christ There Is No East of West,LSB,653,Mckee,The Church,0,0,1
329,"Your Kingdom, O God, Is My Glorious Treasure",LSB,654,Glorious Treasure,The Church,0,0,1
330,"Lord, Keep Us Steadfast in Your Word",LSB,655,"Erhalt Uns, Herr",The Church,0,0,1
331,A Mighty Fortress Is Our God,LSB,656,Ein Feste Burg,The Church Militant,0,0,1
332,A Mighty Fortress Is Our God,LSB,657,Ein Feste Burg,The Church Militant,0,0,0
333,"Preserve Your Word, O Savior",LSB,658,Munich,The Church Militant,0,0,1
334,Lord of Our Life,LSB,659,Iste Confessor,The Church Militant,0,0,1
335,"Stand Up, Stand Up for Jesus",LSB,660,Webb,The Church Militant,0,0,0
336,The Son of God Goes Forth to War,LSB,661,All Saints New,The Church Militant,0,0,1
337,"Onward, Christian Soldiers",LSB,662,St. Gertrude,The Church Militant,0,0,1
338,"Rise, My Soul, to Watch and Pray",LSB,663,Straf Mich Nicht,The Church Militant,0,0,1
339,Fight the Good Fight,LSB,664,Mendon,The Church Militant,0,0,1
340,Be Strong in the Lord,LSB,665,Laudate Dominum,The Church Militant,0,0,1
341,"O Little Flock, Fear Not the Foe",LSB,666,Kommt Her zu Mir,The Church Militant,0,0,1
342,"Saints, See the Cloud of Witnesses",LSB,667,Wojtkiewiecz,The Church Militant,0,0,1
343,Rise! To Arms! With Prayer Employ You,LSB,668,Wachet Auf,The Church Militant,0,0,1
344,"Come, We That Love the Lord",LSB,669,Marching to Zion,The Church Militant,0,0,1
345,Ye Watchers and Ye Holy Ones,LSB,670,Lasst Uns Erfreuen,The Church Triumphant,0,0,1
346,Sing With All the Saints in Glory,LSB,671,Mississippi,The Church Triumphant,0,0,1
347,Jerusalem the Golden,LSB,672,Ewing,The Church Triumphant,0,0,1
348,"Jerusalem, My Happy Home",LSB,673,Land of Rest,The Church Triumphant,0,0,1
349,"Jerusalem, O City Fair and High",LSB,674,"Jerusalem, Du Hochgebaute Stadt",The Church Triumphant,0,0,1
350,"Oh, What Their Joy",LSB,675,O Quanta Qualia,The Church Triumphant,0,0,1
351,"Behold a Host, Arrayed in White",LSB,676,Den Store Hvide Flok,The Church Triumphant,0,0,1
352,For All the Saints,LSB,677,Sine Nomine,The Church Triumphant,0,0,1
353,We Sing fAll the Unsung Saints,LSB,678,All Saints New,The Church Triumphant,0,0,1
354,"Oh, How Blest Are They",LSB,679,O Wie Selig,The Church Triumphant,0,0,1
355,"Thine the Amen, Thine the Praise",LSB,680,Thine,The Church Triumphant,0,0,1
356,"Send, O Lord, Your Holy Spirit",LSB,681,Werde Munter,"Ordination, Installation",0,0,1
357,"God of the Prophets, Bless the Prophets' Sons",LSB,682,Old 124th,"Ordination, Installation",0,0,1
358,"Jesus, Thy Boundless Love to Me",LSB,683,Ryburn,Sanctification,0,0,1
359,"Come unto Me, Ye Weary",LSB,684,Anthes,Sanctification,0,0,1
360,Let Us Ever Walk with Jesus,LSB,685,Lasset Uns mit Jesu Ziehen,Sanctification,0,0,1
361,"Come, Thou Fount of Every Blessing",LSB,686,Nettleton,Sanctification,0,0,1
362,"Thine Forever, God of Love",LSB,687,Vienna,Sanctification,0,0,1
363,"""Come, Follow Me,"" the Savior Spake",LSB,688,"Machs mit Mir, Gott",Sanctification,0,0,1
364,Let Me Be Thine Forever,LSB,689,Lob Gott Getrost mit Singen,Sanctification,0,0,1
365,Hope of the World,LSB,690,Eirene,Sanctification,0,0,1
366,"Fruitful Trees, the Spirit's Sowing",LSB,691,Dorothy,Sanctification,0,0,1
367,Praise to You and Adoration,LSB,692,Freu Dich Sehr,Sanctification,0,0,1
368,"O Holy Spirit, Grant Us Grace",LSB,693,Es Ist Gewisslich,Sanctification,0,0,1
369,"Thee Will I Love, My Strength, My Tower",LSB,694,Ich will Dich Lieben,Sanctification,0,0,1
370,Not for Tongues of Heaven's Angels,LSB,695,Bridegroom,Sanctification,0,0,1
371,"O God, My Faithful God",LSB,696,"O Gott, Du Frommer Gott",Sanctification,0,0,1
372,"Awake, O Sleeper, Rise from Death",LSB,697,Azmon,Sanctification,0,0,1
373,"May We Thy Precepts, Lord, Fulfill",LSB,698,Meribah,Sanctification,0,0,1
374,I Heard the Voice of Jesus Say,LSB,699,Sarah-Elizabeth,Sanctification,0,0,1
375,"Love Divine, All Loves Excelling",LSB,700,Hyfrydol,Sanctification,0,0,1
376,Draw us to Thee,LSB,701,Ach Gott und Herr,Sanctification,0,0,1
377,My Faith Looks Up to Thee,LSB,702,Olivet,Sanctification,0,0,1
378,"How Can I Thank You, Lord",LSB,703,"O Gott, Du Frommer Gott",Sanctification,0,0,1
379,"Renew Me, O Eternal Light",LSB,704,"Herr Jesu Christ, Meins",Sanctification,0,0,1
380,The Man Is Ever Blessed,LSB,705,St. Michael,Sanctification,0,0,1
381,Love in Christ Is Strong and Living,LSB,706,Dorothy,Sanctification,0,0,1
382,"Oh, That the Lord Would Guide my Ways",LSB,707,Evan,Sanctification,0,0,1
383,"Lord, Thee I Love with All My Heart",LSB,708,Herzlich Lieb,Trust,0,0,1
384,The King of Love My Shepherd Is,LSB,709,St. Columba,Trust,0,0,1
385,"The Lord's My Shepherd, I'll Not Want",LSB,710,Belmont,Trust,0,0,1
386,"Savior, like a Shepherd Lead Us",LSB,711,Bradbury,Trust,0,0,1
387,Seek Ye First,LSB,712,Seek Ye First,Trust,0,0,0
388,From God Can Nothing Move Me,LSB,713,Von Gott will Ich Nicht Lassen,Trust,0,0,1
389,Who Trusts in God a Strong Abode,LSB,714,Was Mein Gott Will,Trust,0,0,1
390,"Jesus, Savior, Pilot Me",LSB,715,Pilot,Trust,0,0,1
391,I Walk in Danger All the Way,LSB,716,Der Lieben Sonne Licht und Pracht,Trust,0,0,1
392,"Eternal Father, Strong to Save",LSB,717,Melita,Trust,0,0,1
393,"Jesus, Lead Thou On",LSB,718,Seelenbräutigam,Trust,0,0,1
394,I Leave All things to God's Direction,LSB,719,Wer Nur den Lieben Gott,Trust,0,0,1
395,We Walk by Faith and Not by Sight,LSB,720,Shanti,Trust,0,0,1
396,"Lead Me, Guide Me",LSB,721,Lead Me,Trust,0,0,1
397,"Lord, Take My Hand and Lead Me",LSB,722,So Nimm Denn Meine Hände,Trust,0,0,1
398,The Lord Is My Light,LSB,723,El Señor Es Mi Luz,Trust,0,0,1
399,If God Himself Be for Me,LSB,724,Ist Gott Für Mich,Trust,0,0,1
400,Children of the Heavenly Father,LSB,725,Tryggare Kan Ingen Vara,Trust,0,0,1
401,Evening and Morning,LSB,726,Die Güldne Sonne,Trust,0,0,1
402,On Eagles' Wings,LSB,727,On Eagles' Wings,Trust,0,0,0
403,How Firm a Foundation,LSB,728,Foundation,Trust,0,0,1
404,"I Am Trusting Thee, Lord Jesus",LSB,729,Stephanos,Trust,0,0,1
405,What Is the World to Me,LSB,730,Was Frag Ich Nach Der Welt,Trust,0,0,1
406,"O God, Forsake Me Not",LSB,731,"O Gott, Du Frommer Gott",Trust,0,0,1
407,All Depends on Our Possessing,LSB,732,Alles ist an Gottes Segen,Trust,0,0,1
408,"O God, Our Help in Ages Past",LSB,733,St. Anne,Trust,0,0,1
409,"I Trust, O Lord, Your Holy Name",LSB,734,In Dich Hab Ich Gehoffet,Trust,0,0,1
410,"Have No Fear, Little Flock",LSB,735,Little Flock,Trust,0,0,1
411,Consider How the Birds Above,LSB,736,Northcroft,Trust,0,0,1
412,"Rejoice, My Heart, Be Glad and Sing",LSB,737,Ich Singe Dir,Trust,0,0,1
413,Lord of All Hopefulness,LSB,738,Slane,Trust,0,0,1
414,"Precious Lord, Take My Hand",LSB,739,Precious Lord,Trust,0,0,1
415,I Am Jesus' Little Lamb,LSB,740,Weil Ich Jesu Schäflein Bin,Trust,0,0,1
416,"Jesus Christ, My Sure Defense",LSB,741,"Jesus, Meine Zuversicht",Hope and Comfort,0,0,1
417,For Me to Live Is Jesus,LSB,742,"Christus, Der Ist Mein Leben",Hope and Comfort,0,0,1
418,"Jesus, Priceless Treasure",LSB,743,"Jesu, Meine Freude",Hope and Comfort,0,0,1
419,Amazing Grace,LSB,744,New Britain,Hope and Comfort,0,0,0
420,"In God, My Faithful God",LSB,745,Aug Meinen Lieben Gott,Hope and Comfort,0,0,1
421,Through Jesus' Blood and Merit,LSB,746,Lob Gott Getrost mit Singen,Hope and Comfort,0,0,1
422,No Saint on Earth Lives Life to Self Alone,LSB,747,Song 1,Hope and Comfort,0,0,1
423,I'm But a Stranger Here,LSB,748,Heaven Is My Home,Hope and Comfort,0,0,0
424,There Is a Balm in Gilead,LSB,749,Balm in Gilead,Hope and Comfort,0,0,0
425,If Thou But Trust in God to Guide Thee,LSB,750,Wer Nur den Lieben Gott,Hope and Comfort,0,0,1
426,"O God of Love, O King of Peace",LSB,751,Nylunda,Hope and Comfort,0,0,1
427,"Be Still, My Soul",LSB,752,Finlandia,Hope and Comfort,0,0,1
428,All for Christ I Have Forsaken,LSB,753,Restoration,Hope and Comfort,0,0,1
429,Entrust Your Days and Burdens,LSB,754,Sufficientia,Hope and Comfort,0,0,1
430,In the Very Midst of Life,LSB,755,Mitten Wir im Leben Sind,Hope and Comfort,0,0,1
431,Why should Cross and Trial Grieve me,LSB,756,Warum Sollt Ich Mich Den Grämen,Hope and Comfort,0,0,1
432,"Lord, It Belongs Not to My Care",LSB,757,St. Fulbert,Hope and Comfort,0,0,1
433,The Will of God Is Always Best,LSB,758,Was Mein Gott Will,Hope and Comfort,0,0,1
434,This Body in the Grave We Lay,LSB,759,Nun Lasst Uns den Leib,Hope and Comfort,0,0,1
435,What God Ordains Is Always Good,LSB,760,Was Gott Tut,Hope and Comfort,0,0,1
436,"Rock of Ages, Cleft for Me",LSB,761,Toplady,Hope and Comfort,0,0,1
437,There is a Time for Everything,LSB,762,St. Peter's Norwalk,Hope and Comfort,0,0,1
438,When Peace Like a River,LSB,763,It Is Well,Hope and Comfort,0,0,1
439,When Aimless Violence Takes Those We Love,LSB,764,Sursum Corda,Hope and Comfort,0,0,1
440,God Moves in a Mysterious Way,LSB,765,Dundee,Hope and Comfort,0,0,1
441,"Our Father, Who from Heaven Above",LSB,766,Vater Unser,Prayer,0,0,1
442,"Jesus, Remember Me",LSB,767,Remember Me,Prayer,0,0,0
443,To God the Holy Spirit Let Us Pray,LSB,768,Nun Bitten Wir,Prayer,0,0,1
444,Eternal Spirit of the Living Christ,LSB,769,Farley Castle,Prayer,0,0,1
445,What a Friend We Have in Jesus,LSB,770,Converse,Prayer,0,0,1
446,"Be Still, My Soul, before the Lord",LSB,771,Shanti,Prayer,0,0,1
447,In Holy Conversation,LSB,772,Bred Dina Vida Vingar,Prayer,0,0,1
448,"Hear Us, Father, When We Pray",LSB,773,Morgenglanz der Ewigkeit,Prayer,0,0,1
449,"Feed Thy Children, God Most Holy",LSB,774,Schmücke Dich,Prayer,0,0,1
450,"Be Present at Our Table, Lord",LSB,775,Old Hundredth,Prayer,0,0,1
451,"Come, Lord Jesus, Be Our Guest",LSB,776,"Komm, Herr Jesu",Prayer,0,0,0
452,"Grant Peace, We Pray, in Mercy, Lord",LSB,777,Mendelssohn Da Pacem,Prayer,0,0,1
453,"Grant Peace, We Pray, in Mercy, Lord",LSB,778,Verleih Uns Frieden,Prayer,0,0,1
454,"Come, My Soul, with Every Care",LSB,779,Vienna,Prayer,0,0,1
455,"O Lord, Hear My Prayer",LSB,780,Hear My Prayer,Prayer,0,0,1
456,We Give Thee But Thine Own,LSB,781,Energy,Stewardship,0,0,1
457,"Gracious God, You Send Great Blessings",LSB,782,Holy Manna,Stewardship,0,0,1
458,Take My Life and Let It Be,LSB,783,Patmos,Stewardship,0,0,1
459,Take My Life and Let It Be,LSB,784,Hendon,Stewardship,0,0,0
460,"We Praise You, O God",LSB,785,Kremser,Stewardship,0,0,1
461,Lord of All Good,LSB,786,Farley Castle,Stewardship,0,0,1
462,The Temple Rang with Golden Coins,LSB,787,St. Flavian,Stewardship,0,0,1
463,"Forgive Us, Lord, fShallow Thankfulness",LSB,788,Sursum Corda,Stewardship,0,0,1
464,Praise and Thanksgiving,LSB,789,Bunessan,Stewardship,0,0,1
465,"Praise to the Lord, the Almighty",LSB,790,Lobe den Herren,Praise and Adoration,0,0,1
466,All People That on Earth Do Dwell,LSB,791,Old Hundredth,Praise and Adoration,0,0,1
467,New Songs of Celebration Render,LSB,792,Rendez à Dieu,Praise and Adoration,0,0,1
468,"Praise, My Soul, the King of Heaven",LSB,793,Lauda Anima,Praise and Adoration,0,0,1
469,"The Lord, My God, Be Praised",LSB,794,Nun Danket Alle Gott,Praise and Adoration,0,0,1
470,Voices Raised to You We Offer,LSB,795,Song of Praise,Praise and Adoration,0,0,1
471,When in Our Music God Is Glorified,LSB,796,Engelberg,Praise and Adoration,0,0,1
472,Praise the Almighty,LSB,797,"Lobe den Herren, O Meine Seele",Praise and Adoration,0,0,1
473,The God of Abraham Praise,LSB,798,Yigdal,Praise and Adoration,0,0,1
474,Alabaré - I,LSB,799,Alabaré,Praise and Adoration,0,0,0
475,Alabaré - II,LSB,800,Alabaré,Praise and Adoration,0,0,0
476,How Great Thou Art,LSB,801,O Store Gud,Praise and Adoration,0,0,0
477,"Immortal, Invisible, God Only Wise",LSB,802,St. Deno,Praise and Adoration,0,0,1
478,Joyful Joyful We Adore Thee,LSB,803,Hymn to Joy,Praise and Adoration,0,0,1
479,O Worship the King,LSB,804,Hanover,Praise and Adoration,0,0,1
480,"Praise God, from Whom All Blessings Flow",LSB,805,Old Hundredth,Praise and Adoration,0,0,1
481,Give Thanks with a Grateful Heart,LSB,806,Give Thanks,Praise and Adoration,0,0,0
482,When Morning Gilds the Skies,LSB,807,Laudes Domini,Praise and Adoration,0,0,1
483,O Sing to the Lord,LSB,808,Cantad Al Señor,Praise and Adoration,0,0,1
484,Great Is Thy Faithfulness,LSB,809,Faithfulness,Praise and Adoration,0,0,1
485,"O God of God, O Light of Light",LSB,810,O Grosser Gott,Praise and Adoration,0,0,1
486,"Oh, That I Had a Thousand Voices",LSB,811,O Dass Ich Tausand Zungen Hätte (König),Praise and Adoration,0,0,1
487,"Come, Let Us Join Our Cheerful Songs",LSB,812,Nun Danket All,Praise and Adoration,0,0,1
488,"Rejoice, O Pilgrim Throng",LSB,813,Marion,Praise and Adoration,0,0,1
489,"O Bless the Lord, My Soul",LSB,814,St. Thomas,Praise and Adoration,0,0,1
490,"All Praise to Thee, for Thou, O King Divine",LSB,815,Engelberg,Praise and Adoration,0,0,1
491,From All that Dwell Below the Skies,LSB,816,Lasst Uns Erfreuen,Praise and Adoration,0,0,1
492,Earth and All Stars,LSB,817,Earth and All Stars,Praise and Adoration,0,0,0
493,In Thee Is Gladness,LSB,818,In Dir Ist Freude,Praise and Adoration,0,0,1
494,"Sing Praise to God, the Highest Good",LSB,819,"Lobt Gott den Herren, Ihr",Praise and Adoration,0,0,1
495,"My Soul, Now Praise Your Maker",LSB,820,"Nun Lob, Mein Seel",Praise and Adoration,0,0,1
496,Alleluia! Sing to Jesus,LSB,821,Hyfrydol,Praise and Adoration,0,0,1
497,Alleluia! Let Praise Ring,LSB,822,Wie Schön Leuchtet,Praise and Adoration,0,0,1
498,May God Bestow on Us His Grace,LSB,823,Es Wolle Gott uns Gnädig Sein,Mission and Witness,0,0,1
499,May God Bestow on Us His Grace,LSB,824,Elvet Banks,Mission and Witness,0,0,0
500,"Rise, Shine, You People",LSB,825,Wojtkiewiecz,Mission and Witness,0,0,1
501,"Hark, the Voice of Jesus Crying",LSB,826,Galilean,Mission and Witness,0,0,1
502,"Hark, The Voice of Jesus Calling",LSB,827,Galilean,Mission and Witness,0,0,1
503,We Are Called to Stand Together,LSB,828,Ascended Triumph,Mission and Witness,0,0,1
504,Christ the Eternal Lord,LSB,829,Diademata,Mission and Witness,0,0,1
505,Spread the Reign of God the Lord,LSB,830,Gott Sei Dank,Mission and Witness,0,0,1
506,"""How Shall They Hear,"" Who Have Not Heard",LSB,831,Angelus (Du Meiner Seelen),Mission and Witness,0,0,1
507,Jesus Shall Reign,LSB,832,Duke Street,Mission and Witness,0,0,1
508,"Listen, God Is Calling",LSB,833,Neno Lake Mungu,Mission and Witness,0,0,1
509,"O God, O Lord of Heaven and Earth",LSB,834,Wittenberg New,Mission and Witness,0,0,1
510,On Galilee's High Mountain,LSB,835,Missionary Hymn,Mission and Witness,0,0,1
511,O God of Light,LSB,836,Atkinson,Mission and Witness,0,0,1
512,Lift High the Cross,LSB,837,Crucifer,Mission and Witness,0,0,1
513,The Saints in Christ Are One in Every Place,LSB,838,Woodlands,Mission and Witness,0,0,1
514,"O Christ, Our True and Only Light",LSB,839,"O Jesu Christe, Wahres Licht",Mission and Witness,0,0,1
515,"Christ High-Ascended, Now in Glory Seated",LSB,840,Iste Confessor,Mission and Witness,0,0,1
516,"O Son of God, in Galilee",LSB,841,Twenty-Fourth,Society,0,0,1
517,"Son of God, Eternal Savior",LSB,842,In Babilone,Society,0,0,1
518,"""Forgive Our Sins as We Forgive""",LSB,843,Detroit,Society,0,0,1
519,"Lord of All Nations, Grant Me Grace",LSB,844,Angelus (Du Meiner Seelen),Society,0,0,1
520,Where Charity and Love Prevail,LSB,845,Twenty-Fourth,Society,0,0,1
521,"Your Hand, O Lord, in Days of Old",LSB,846,Kingsfold,Society,0,0,1
522,"Christ, Our Human Likeness Sharing",LSB,847,Grafton,Society,0,0,1
523,"Lord, Whose Love Through Humble Service",LSB,848,Beach Spring,Society,0,0,1
524,Praise the One Who Breaks the Darkness,LSB,849,Beach Spring,Society,0,0,1
525,God of Grace and God of Glory,LSB,850,Cwm Rhondda,Society,0,0,1
526,"Lord of Glory, You Have Bought Us",LSB,851,Hyfrydol,Society,0,0,1
527,"O God of Mercy, God of Might",LSB,852,Isleworth,Society,0,0,1
528,"How Clear Is Our Vocation, Lord",LSB,853,Repton,Vocation,0,0,1
529,"Forth in Thy Name, O Lord, I Go",LSB,854,Lakewood,Vocation,0,0,1
530,For All the Faithful Women,LSB,855,Kuortane,Vocation,0,0,1
531,"O Christ, Who Called the Twelve",LSB,856,Terra Beata,Vocation,0,0,1
532,"Lord, Help Us Walk Your Servant Way",LSB,857,St. Flavian,Vocation,0,0,1
533,"O Father, All Creating",LSB,858,Aurelia,Marriage,0,0,1
534,"Lord, When You Came as Welcome Guest",LSB,859,Land of Rest,Marriage,0,0,1
535,"Gracious Savior, Grant Your Blessing",LSB,860,Hyfrydol,Marriage,0,0,1
536,Christ Be My Leader,LSB,861,Slane,Christian Home and Education,0,0,1
537,"Oh, Blest the House",LSB,862,Wo Gott zum Haus,Christian Home and Education,0,0,1
538,"Our Father, by Whose Name",LSB,863,Rhosymedre,Christian Home and Education,0,0,1
539,Shepherd of Tender Youth,LSB,864,Italian Hymn,Christian Home and Education,0,0,1
540,"Lord, Help Us Ever to Retain",LSB,865,"Herr Jesu Christ, Meins",Christian Home and Education,0,0,1
541,"Lord Jesus Christ, the Children's Friend",LSB,866,Wareham,Christian Home and Education,0,0,1
542,Let Children Hear the Mighty Deeds,LSB,867,Nun Danket All,Christian Home and Education,0,0,1
543,"Awake, My Soul, and with the Sun",LSB,868,Morning Hymn,Morning,0,0,1
544,With the Lord Begin Your Task,LSB,869,Fang Dein Werk,Morning,0,0,1
545,Now That the daylight fills the sky,LSB,870,Laurel,Morning,0,0,1
546,Greet the Rising Sun,LSB,871,Le P’ing,Morning,0,0,1
547,"Come, Thou Bright and Morning Star",LSB,872,Morgenglanz der Ewigkeit,Morning,0,0,1
548,"Christ, Whose Glory Fills the Skies",LSB,873,Ratisbon,Morning,0,0,1
549,O Splendor of God's Glory Bright,LSB,874,Putnam,Morning,0,0,1
550,"Father, We Praise Thee",LSB,875,Christe Sanctorum,Morning,0,0,1
551,"O Blessed, Holy Trinity",LSB,876,O Heilige Dreifaltigkeit,Morning,0,0,1
552,"God, Who Made the Earth and Heaven",LSB,877,Ar Hyd y Nos,Evening,0,0,1
553,Abide with Me,LSB,878,Eventide,Evening,0,0,1
554,Stay with Us,LSB,879,Stay with Us,Evening,0,0,1
555,Now Rest beneath Night's Shadow,LSB,880,"O Welt, Ich Muss Dich Lassen",Evening,0,0,1
556,"Christ, Mighty Savior",LSB,881,Innisfree Farm,Evening,0,0,1
557,"O Christ, Who Art the Light and Day",LSB,882,Conditor Alme Siderum,Evening,0,0,1
558,"All Praise to Thee, My God, This Night",LSB,883,Tallis’ Canon,Evening,0,0,1
559,"Lord, Support Us All Day Long",LSB,884,Gwalchmai,Evening,0,0,1
560,"I Lie, O Lord, within Your Care",LSB,885,"Ich Liege, Herr, in Deiner Hut",Evening,0,0,1
561,The Day Thou Gavest,LSB,886,St. Clement,Evening,0,0,1
562,Now the Light Has Gone Away,LSB,887,Müde Bin Ich,Evening,0,0,1
563,"O Gladsome Light, O Grace",LSB,888,Nunc Dimittis,Evening,0,0,1
564,Before the Ending of the Day,LSB,889,Jam Lucis,Evening,0,0,1
565,"O Blessed Light, O Trinity",LSB,890,O Heilige Dreifaltigkeit,Evening,0,0,1
566,"O Light, Whose Splendor",LSB,891,St. Clement,Evening,0,0,1
567,"Come, Ye Thankful People, Come",LSB,892,"St. George’s, Windsor",Harvest and Thanksgiving,0,0,1
568,Sing to the Lord of Harvest,LSB,893,Wie Lieblich Ist der Maien,Harvest and Thanksgiving,0,0,1
569,For the Fruits of His Creation,LSB,894,Ar Hyd y Nos,Harvest and Thanksgiving,0,0,1
570,Now Thank We All Our God,LSB,895,Nun Danket Alle Gott,Harvest and Thanksgiving,0,0,1
571,Now Greet the Swiftly Changing Year,LSB,896,Sixth Night,New Year,0,0,1
572,"O Rejoice, Ye Christians, Loudly",LSB,897,"Freuet Euch, Ihr Christen",New Year,0,0,1
573,The Ancient Law Departs,LSB,898,Potsdam,New Year,0,0,1
574,Across the Sky the Shades of Night,LSB,899,Allein Gott in der Höh,New Year,0,0,1
575,Jesus! Name of Wondrous Love,LSB,900,Gott Sei Dank,New Year,0,0,1
576,Open Now Thy Gates of Beauty,LSB,901,Unser Herrscher (Neander),Beginning of Service,0,0,1
577,"Lord Jesus Christ, Be Present Now",LSB,902,"Herr Jesu Christ, Dich zu Uns Wend",Beginning of Service,0,0,1
578,This Is the Day the Lord Has Made,LSB,903,Nun Danket All,Beginning of Service,0,0,1
579,"Blessed Jesus, at Your Word",LSB,904,"Liebster Jesu, Wir Sind Hier",Beginning of Service,0,0,1
580,"Come, Thou Almighty King",LSB,905,Italian Hymn,Beginning of Service,0,0,1
581,O Day of Rest and Gladness,LSB,906,Ellacombe,Beginning of Service,0,0,1
582,God Himself is Present,LSB,907,Wunderbarer König,Beginning of Service,0,0,1
583,"Lord, Open Now My Heart to Hear",LSB,908,"Erhalt Uns, Herr",Beginning of Service,0,0,1
584,Christ Is Made the Sure Foundation,LSB,909,Westminster Abbey,Beginning of Service,0,0,1
585,Now the Silence,LSB,910,Now,Beginning of Service,0,0,1
586,"Lord, This Day We've Come to Worship",LSB,911,Glorious Name,Beginning of Service,0,0,1
587,Christ Is Our Cornerstone,LSB,912,Darwall’s 148th,Beginning of Service,0,0,1
588,"O Holy Spirit, Enter In",LSB,913,Wie Schön Leuchtet,Beginning of Service,0,0,1
589,"Light of Light, O Sole-Begotten",LSB,914,Westminster Abbey,Beginning of Service,0,0,1
590,Today Your Mercy Calls Us,LSB,915,Anthes,Beginning of Service,0,0,1
591,Only-Begotten Word of God Eternal,LSB,916,Iste Confessor,Beginning of Service,0,0,1
592,"Savior, Again to Thy Dear Name We Raise",LSB,917,Ellers,Close of Service,0,0,1
593,"Guide me, O Thou Great Redeemer",LSB,918,Cwm Rhondda,Close of Service,0,0,1
594,"Abide, O Dearest Jesus",LSB,919,"Christus, Der Ist Mein Leben",Close of Service,0,0,1
595,Forth in the Peace of Christ We Go,LSB,920,Angelus (Du Meiner Seelen),Close of Service,0,0,1
596,On What Has Now Been Sown,LSB,921,Darwall’s 148th,Close of Service,0,0,1
597,"Go, My Children, with My Blessing",LSB,922,Ar Hyd y Nos,Close of Service,0,0,1
598,"Almighty Father, Bless the Word",LSB,923,Old Hundredth,Close of Service,0,0,1
599,"Lord, Dismiss Us with Your Blessing",LSB,924,Regent Square,Close of Service,0,0,1
600,Song of Moses and Israel,LSB,925,,Biblical Canticals,0,0,1
601,Song from Deuteronomy,LSB,926,,Biblical Canticals,0,0,1
602,First Song of Isaiah,LSB,927,,Biblical Canticals,0,0,1
603,Song of Hannah,LSB,928,,Biblical Canticals,0,0,1
604,I Will Greatly Rejoice in the Lord,LSB,929,,Biblical Canticals,0,0,1
605,"All You Works of God, Bless the Lord",LSB,930,Linstead,Biblical Canticals,0,0,1
606,All You Works of the Lord,LSB,931,,Biblical Canticals,0,0,1
607,Jesus Sat with His Disciples,LSB,932,Joyous Light,Biblical Canticals,0,0,1
608,My Soul Rejoices,LSB,933,In Dir Ist Freude,Biblical Canticals,0,0,1
609,My Soul Now Magnifies the Lord,LSB,934,Wo Gott zum Haus,Biblical Canticals,0,0,1
610,"Tell Out, My Soul, the Greatness of the Lord",LSB,935,Woodlands,Biblical Canticals,0,0,1
611,Sing Praise to the God of Israel,LSB,936,Den Signede Dag,Biblical Canticals,0,0,1
612,"Lord, Bid Your Servant Go in Peace",LSB,937,Land of Rest,Biblical Canticals,0,0,1
613,In Peace and Joy I Now Depart,LSB,938,Mit Fried und Freud,Biblical Canticals,0,0,1
614,You Are God; We Praise You,LSB,939,,Biblical Canticals,0,0,1
615,"Holy God, We Praise Thy Name",LSB,940,Grosser Gott,Biblical Canticals,0,0,1
616,"We Praise You and Acknowledge You, O God",LSB,941,That ted,Biblical Canticals,0,0,1
617,"Kyrie! God, Father",LSB,942,"Kyrie, Gott Vater",Liturgical Music,0,0,1
618,"Kyrie - I (Lord, Have Mercy)",LSB,943,,Liturgical Music,0,0,0
619,"Kyrie - II (Lord, Have Mercy)",LSB,944,,Liturgical Music,0,0,1
620,"Your Heart, O God, Is Grieved",LSB,945,"Známe to, Pane Bože Náš",Liturgical Music,0,0,1
621,"Glory to God, We Give You Thanks and Praise",LSB,946,Woodlands,Liturgical Music,0,0,1
622,All Glory Be to God on High,LSB,947,Allein Gott in der Höh,Liturgical Music,0,0,1
623,All glory be to God alone,LSB,948,All Ehr und Lob,Liturgical Music,0,0,1
624,Heavenly Hosts in Ceaseless Worship,LSB,949,Love’s Light,Liturgical Music,0,0,1
625,Splendor and Honor,LSB,950,Shades Mountain,Liturgical Music,0,0,1
626,Alleluia - I,LSB,951,,Liturgical Music,0,0,0
627,Alleluia - II,LSB,952,,Liturgical Music,0,0,1
628,We All Believe in One True God,LSB,953,Wir Glauben All (Metrical),Liturgical Music,0,0,1
629,We All Believe in One True God,LSB,954,Wir Glauben All (Chant),Liturgical Music,0,0,1
630,Let the Vineyards Be Fruitful,LSB,955,,Liturgical Music,0,0,0
631,Create in Me,LSB,956,"Schaffe in Mir, Gott",Liturgical Music,0,0,1
632,Our Father Who Art in Heaven - I,LSB,957,,Liturgical Music,0,0,1
633,Our Father Who Art in Heaven - IIa,LSB,958,Padre Nuestro,Liturgical Music,0,0,0
634,Our Father Who Art in Heaven - IIb,LSB,959,Padre Nuestro,Liturgical Music,0,0,0
635,"Isaiah, Mighty Seer in Days of Old",LSB,960,"Jesaia, dem Propheten",Liturgical Music,0,0,1
636,"Sanctus (Holy, Holy, Holy)",LSB,961,,Liturgical Music,0,0,0
637,Agnus Dei - I (Lamb of God),LSB,962,,Liturgical Music,0,0,0
638,Agnus Dei - II (Lamb of God),LSB,963,,Liturgical Music,0,0,0
639,Lift Every Voice and Sing,LSB,964,Lift Every Voice,Nation and National Songs,0,0,0
640,God Bless Our Native Land,LSB,965,National Anthem,Nation and National Songs,0,0,0
641,"Before You, Lord, We Bow",LSB,966,Darwall’s 148th,Nation and National Songs,0,0,1
642,"Ride On, Ride On in Majesty",LSB,967,,Lent,1,0,0
643,"My Lord, What a Morning",LSB,968,,End Times,1,0,0
644,Sweet Flow'rets of the Martyr Band,LSB,969,Das walt’ Gott Vater,Feasts and Festivals,1,0,1
645,Jesus Name above All Names,LSB,970,,Redeemer,1,0,0
646,There Is a Redeemer,LSB,971,,Redeemer,1,0,0
647,"I Trust, O Christ, in You Alone",LSB,972,,Trust,1,0,1
648,Thy Word Is a Lamp unto My Feet,LSB,973,,The Word of God,1,0,0
649,Jesus Sinners Doth Receive,LSB,974,,Confession and Absolution,1,0,0
650,Blest Be the Tie That Binds,LSB,975,,The Church,1,0,0
651,In the Morning When I Rise,LSB,976,,Morning,1,0,0
652,I Will Sing My Maker's Praises,LSB,977,,Praise and Adoration,1,0,1
653,How Majestic Is Your Name,LSB,978,,Praise and Adoration,1,0,0
654,"God, Whose Almighty Word",LSB,979,,The Word of God,1,0,1
655,"Jesu, Jesu, Fill Us with Your Love",LSB,980,,Redeemer,1,0,0
656,"To Your Temple, Lord, I Come",LSB,981,,Beginning of Service,1,0,1
657,"Blest Are They, the Poor in Spirit",LSB,982,,Biblical Canticals,1,0,0
658,Seek the Lord While He May Be Found,LSB,983,,Biblical Canticals,1,0,1
659,"Oh, that You Would Rend the Heavens",LSB,984,,Biblical Canticals,1,0,1
660,Song of Jonah,LSB,985,,Biblical Canticals,1,0,1
661,Song of Habakkuk,LSB,986,,Biblical Canticals,1,0,1
662,O Blessed Day When First Was Poured,TLH,115,Angelus (Du Meiner Seelen),New Year,1,0,1
663,"Jesus Christ, Our Lord Most Holy",TLH,169,Teshiniens,Good Friday,1,0,1
664,"Lo, Judah's Lion Wins the Strife",TLH,211,Judah’s Lion,Easter,1,0,1
665,"We Thank Thee Jesus, Dearest Friend",TLH,223,Erscheinen Ist,Ascension,1,0,1
666,"O Lord, Look Down from Heaven Behold",TLH,260,Ach Gott vom Himmel,Reformation,1,0,1
667,"O God, Our Lord, Thy Holy Word",TLH,266,O Herre Gott,Reformation,1,0,1
668,If God Had Not Been on Our Side,TLH,267,Wär’ Gott Nicht mit Uns,Reformation,1,0,1
669,Zion Mourns in Fear and Anguish,TLH,268,Zion klagt,Reformation,1,0,1
670,Jesus Calls Us; o’er the Tumult,TLH,270,Stuttgart,St. Andrew,1,0,1
671,"Word Supreme, Before Creation",TLH,271,"Sieh, Hier Bin Ich",St. John the Apostle,1,0,1
672,"Delay Not, Delay Not, O Sinner Draw Near",TLH,278,Maldwyn,Invitation,1,0,1
673,"Rise Again, Ye Lion-Hearted",TLH,470,"Löwen, Lasst Euch Wiederfinden",Communion of Saints,1,0,1
674,Hark! The Sound of Holy Voices,TLH,471,O Durchbrecher,Communion of Saints,1,0,1
675,"Rise, Ye Children of Salvation",TLH,472,Unser Herrscher (Neander),Communion of Saints,1,0,1
676,Thou Who the Night in Prayer Didst Spend,TLH,493,St. Petersburg,Ministry,1,0,1
677,"O Christ, You Lead Us to the Mount",FENK,1,"Du Lebensbrot, Herr Jesu Christ",Transfiguration,1,0,1